<PAMDataset>
  <SRS>PROJCS["SVY21 / Singapore TM",GEOGCS["SVY21",DATUM["SVY21",SPHEROID["WGS 84",6378137,298.257223563,AUTHORITY["EPSG","7030"]],AUTHORITY["EPSG","6757"]],PRIMEM["Greenwich",0,AUTHORITY["EPSG","8901"]],UNIT["degree",0.0174532925199433,AUTHORITY["EPSG","9122"]],AUTHORITY["EPSG","4757"]],PROJECTION["Transverse_Mercator"],PARAMETER["latitude_of_origin",1.366666666666667],PARAMETER["central_meridian",103.8333333333333],PARAMETER["scale_factor",1],PARAMETER["false_easting",28001.642],PARAMETER["false_northing",38744.572],UNIT["metre",1,AUTHORITY["EPSG","9001"]],AUTHORITY["EPSG","3414"]]</SRS>
  <GeoTransform>  3.3952455300000001e+04,  5.0000000000000000e+00,  0.0000000000000000e+00,  4.4806393400000001e+04,  0.0000000000000000e+00, -5.0000000000000000e+00</GeoTransform>
  <Metadata domain="IMAGE_STRUCTURE">
    <MDI key="INTERLEAVE">PIXEL</MDI>
  </Metadata>
  <Metadata>
    <MDI key="AREA_OR_POINT">Area</MDI>
  </Metadata>
  <PAMRasterBand band="1">
    <NoDataValue>0.00000000000000E+00</NoDataValue>
  </PAMRasterBand>
  <PAMRasterBand band="2">
    <NoDataValue>0.00000000000000E+00</NoDataValue>
  </PAMRasterBand>
  <PAMRasterBand band="3">
    <NoDataValue>0.00000000000000E+00</NoDataValue>
  </PAMRasterBand>
  <PAMRasterBand band="4">
    <NoDataValue>0.00000000000000E+00</NoDataValue>
  </PAMRasterBand>
</PAMDataset>
